2020-11-10 13:34:53, 84.80, 30.20, 6762.50, 2
2020-11-10 14:04:56, 83.70, 30.60, 7337.50, 8
2020-11-10 14:09:56, 84.30, 30.60, 7160.83, 9
2020-11-10 15:20:04, 84.50, 29.70, 2621.67, 23
2020-11-10 16:15:10, 83.90, 28.80, 1255.00, 34
2020-11-10 17:05:15, 83.90, 27.60, 64.17, 44
2020-11-10 17:10:15, 84.60, 27.50, 27.50, 45
2020-11-10 17:15:16, 85.40, 27.40, 15.83, 46
2020-11-10 17:20:16, 85.40, 27.30, 7.50, 47
2020-11-10 17:25:17, 85.40, 27.30, 2.50, 48
2020-11-10 17:30:17, 84.90, 27.30, 0.83, 49
2020-11-10 17:35:18, 84.90, 27.40, 0.00, 50
2020-11-10 17:40:18, 85.20, 27.40, 0.00, 51
2020-11-10 17:45:19, 84.40, 27.40, 0.00, 52
2020-11-10 17:50:19, 84.20, 27.50, 0.00, 53
2020-11-10 17:55:19, 84.00, 27.50, 0.00, 54
2020-11-10 18:00:20, 84.40, 27.50, 0.00, 55
2020-11-10 18:10:21, 83.70, 27.60, 0.00, 57
2020-11-10 18:15:21, 83.30, 27.70, 0.00, 58
2020-11-10 18:20:22, 83.00, 27.80, 0.00, 59
2020-11-10 18:25:22, 82.80, 27.80, 0.00, 60
2020-11-10 18:30:23, 83.60, 27.80, 0.00, 61
2020-11-10 18:35:23, 82.50, 27.90, 0.00, 62
2020-11-10 18:40:23, 82.40, 27.90, 0.00, 63
2020-11-10 18:45:24, 82.20, 27.90, 0.00, 64
2020-11-10 18:50:24, 82.10, 27.90, 0.00, 65
2020-11-10 18:55:25, 81.60, 27.90, 0.00, 66
2020-11-10 19:00:25, 81.90, 27.90, 0.00, 67
2020-11-10 19:05:26, 81.60, 27.90, 0.00, 68
2020-11-10 19:10:26, 81.30, 27.90, 0.00, 69
2020-11-10 19:20:27, 81.00, 27.90, 0.00, 71
2020-11-10 19:25:27, 81.00, 27.90, 0.00, 72
2020-11-10 19:30:28, 81.20, 27.80, 0.00, 73
2020-11-10 19:35:28, 81.20, 27.90, 0.00, 74
2020-11-10 19:50:30, 80.80, 27.80, 0.00, 77
2020-11-10 19:55:30, 80.60, 27.80, 0.00, 78
2020-11-10 20:00:30, 80.60, 27.80, 0.00, 79
2020-11-10 20:05:31, 81.40, 27.80, 0.00, 80
2020-11-10 20:10:31, 80.80, 27.80, 0.00, 81
2020-11-10 20:15:32, 80.80, 27.80, 0.00, 82
2020-11-10 20:20:32, 80.50, 27.80, 0.00, 83
2020-11-10 20:25:33, 80.80, 27.80, 0.00, 84
2020-11-10 20:30:33, 80.80, 27.70, 0.00, 85
2020-11-10 20:35:33, 80.60, 27.70, 0.00, 86
2020-11-10 20:40:34, 80.40, 27.80, 0.00, 87
2020-11-10 20:45:34, 80.40, 27.70, 0.00, 88
2020-11-10 20:55:35, 80.00, 27.70, 0.00, 90
2020-11-10 21:00:36, 79.80, 27.70, 0.00, 91
2020-11-10 21:05:36, 80.10, 27.70, 0.00, 92
2020-11-10 21:10:37, 79.90, 27.70, 0.00, 93
2020-11-10 21:15:37, 79.70, 27.70, 0.00, 94
2020-11-10 21:20:37, 79.70, 27.60, 0.00, 95
2020-11-10 21:25:38, 79.60, 27.60, 0.00, 96
2020-11-10 21:30:38, 79.60, 27.60, 0.00, 97
2020-11-10 21:35:39, 79.50, 27.60, 0.00, 98
2020-11-10 21:40:39, 79.80, 27.60, 0.00, 99
2020-11-10 21:50:40, 79.30, 27.60, 0.00, 101
2020-11-10 21:55:41, 78.90, 27.60, 0.00, 102
2020-11-10 22:00:41, 79.00, 27.70, 0.00, 103
2020-11-10 22:05:42, 78.90, 27.60, 0.00, 104
2020-11-10 22:10:42, 79.00, 27.60, 0.00, 105
2020-11-10 22:15:43, 78.60, 27.60, 0.00, 106
2020-11-10 22:25:44, 78.40, 27.60, 0.00, 108
2020-11-10 22:30:44, 78.70, 27.60, 0.00, 109
2020-11-10 22:35:45, 78.30, 27.60, 0.00, 110
2020-11-10 22:40:45, 78.20, 27.50, 0.00, 111
2020-11-10 22:45:46, 78.10, 27.50, 0.00, 112
2020-11-10 22:50:47, 78.10, 27.50, 0.00, 113
2020-11-10 22:55:47, 77.90, 27.60, 0.00, 114
2020-11-10 23:00:48, 78.00, 27.50, 0.00, 115
2020-11-10 23:05:48, 77.70, 27.50, 0.00, 116
2020-11-10 23:10:49, 77.50, 27.60, 0.00, 117
2020-11-10 23:15:49, 77.40, 27.60, 0.00, 118
2020-11-10 23:20:50, 77.30, 27.60, 0.00, 119
2020-11-10 23:25:50, 77.50, 27.50, 0.00, 120
2020-11-10 23:30:51, 77.30, 27.50, 0.00, 121
2020-11-10 23:35:51, 77.50, 27.50, 0.00, 122
2020-11-10 23:40:52, 77.30, 27.50, 0.00, 123
2020-11-10 23:45:52, 77.10, 27.50, 0.00, 124
2020-11-10 23:50:53, 76.90, 27.50, 0.00, 125
2020-11-10 23:55:53, 77.10, 27.50, 0.00, 126
2020-11-11 00:05:54, 76.80, 27.40, 0.00, 128
2020-11-11 00:10:55, 76.70, 27.30, 0.00, 129
2020-11-11 00:15:55, 76.60, 27.40, 0.00, 130
2020-11-11 00:20:56, 76.60, 27.30, 0.00, 131
2020-11-11 00:25:56, 76.50, 27.30, 0.00, 132
2020-11-11 00:30:57, 76.60, 27.30, 0.00, 133
2020-11-11 00:35:57, 76.40, 27.20, 0.00, 134
2020-11-11 00:40:58, 76.60, 27.20, 0.00, 135
2020-11-11 00:45:58, 76.60, 27.20, 0.00, 136
2020-11-11 00:50:59, 76.80, 27.10, 0.00, 137
2020-11-11 00:56:00, 76.70, 27.10, 0.00, 138
2020-11-11 01:01:00, 77.00, 27.00, 0.00, 139
2020-11-11 01:06:01, 77.10, 27.00, 0.00, 140
2020-11-11 01:16:02, 77.20, 26.90, 0.00, 142
2020-11-11 01:21:02, 77.10, 26.90, 0.00, 143
2020-11-11 01:26:03, 77.60, 26.80, 0.00, 144
2020-11-11 01:31:03, 77.40, 26.70, 0.00, 145
2020-11-11 01:36:04, 77.50, 26.70, 0.00, 146
2020-11-11 01:41:04, 77.70, 26.70, 0.00, 147
2020-11-11 01:46:05, 77.60, 26.60, 0.00, 148
2020-11-11 01:51:05, 77.70, 26.50, 0.00, 149
2020-11-11 01:56:06, 77.60, 26.40, 0.00, 150
2020-11-11 02:01:06, 77.50, 26.40, 0.00, 151
2020-11-11 02:06:07, 77.70, 26.30, 0.00, 152
2020-11-11 02:11:07, 77.70, 26.30, 0.00, 153
2020-11-11 02:16:08, 77.90, 26.30, 0.00, 154
2020-11-11 02:21:08, 77.60, 26.30, 0.00, 155
2020-11-11 02:26:09, 77.50, 26.20, 0.00, 156
2020-11-11 02:31:09, 78.00, 26.20, 0.00, 157
2020-11-11 02:36:10, 77.40, 26.20, 0.00, 158
2020-11-11 02:41:10, 77.50, 26.20, 0.00, 159
2020-11-11 02:51:11, 76.90, 26.10, 0.00, 161
2020-11-11 02:56:12, 76.80, 26.20, 0.00, 162
2020-11-11 03:01:13, 76.90, 26.10, 0.00, 163
2020-11-11 03:06:13, 76.30, 26.10, 0.00, 164
2020-11-11 03:11:14, 76.50, 26.10, 0.00, 165
2020-11-11 03:16:14, 76.40, 26.20, 0.00, 166
2020-11-11 03:21:15, 75.90, 26.20, 0.00, 167
2020-11-11 03:26:15, 76.10, 26.10, 0.00, 168
2020-11-11 03:31:16, 76.10, 26.20, 0.00, 169
2020-11-11 03:36:16, 75.70, 26.10, 0.00, 170
2020-11-11 03:46:17, 75.60, 26.10, 0.00, 172
2020-11-11 03:51:18, 75.50, 26.10, 0.00, 173
2020-11-11 03:56:18, 75.30, 26.20, 0.00, 174
2020-11-11 04:01:19, 75.20, 26.20, 0.00, 175
2020-11-11 04:06:19, 75.10, 26.20, 0.00, 176
2020-11-11 04:11:20, 74.80, 26.10, 0.00, 177
2020-11-11 04:16:20, 75.00, 26.20, 0.00, 178
2020-11-11 04:21:21, 74.80, 26.20, 0.00, 179
2020-11-11 04:26:21, 74.70, 26.20, 0.00, 180
2020-11-11 04:31:22, 74.40, 26.20, 0.00, 181
2020-11-11 04:36:22, 74.20, 26.20, 0.00, 182
2020-11-11 04:41:23, 74.20, 26.30, 0.00, 183
2020-11-11 04:46:23, 73.90, 26.30, 0.00, 184
2020-11-11 04:51:24, 74.20, 26.30, 0.00, 185
2020-11-11 04:56:25, 73.60, 26.30, 0.00, 186
2020-11-11 05:01:25, 73.60, 26.30, 0.00, 187
2020-11-11 05:06:26, 73.50, 26.30, 0.00, 188
2020-11-11 05:11:26, 73.60, 26.30, 0.00, 189
2020-11-11 05:16:27, 73.20, 26.30, 0.00, 190
2020-11-11 05:21:27, 73.10, 26.30, 0.00, 191
2020-11-11 05:26:28, 73.00, 26.30, 0.00, 192
2020-11-11 05:31:28, 73.10, 26.30, 0.00, 193
2020-11-11 05:36:29, 72.70, 26.30, 0.00, 194
2020-11-11 05:41:29, 72.60, 26.30, 0.00, 195
2020-11-11 05:46:30, 72.40, 26.30, 0.00, 196
2020-11-11 05:51:30, 72.40, 26.30, 0.83, 197
2020-11-11 06:01:31, 72.20, 26.40, 7.50, 199
2020-11-11 06:06:32, 72.00, 26.30, 20.00, 200
2020-11-11 06:11:32, 71.80, 26.30, 38.33, 201
2020-11-11 06:16:33, 71.70, 26.30, 60.00, 202
2020-11-11 06:21:33, 71.80, 26.30, 84.17, 203
2020-11-11 06:26:34, 71.60, 26.30, 111.67, 204
2020-11-11 06:31:34, 71.80, 26.30, 175.83, 205
2020-11-11 06:36:35, 71.50, 26.30, 253.33, 206
2020-11-11 06:41:36, 71.40, 26.40, 328.33, 207
2020-11-11 06:46:36, 71.20, 26.40, 423.33, 208
2020-11-11 06:51:37, 70.90, 26.50, 513.33, 209
2020-11-11 06:56:37, 70.90, 26.50, 608.33, 210
2020-11-11 07:21:40, 69.70, 27.00, 1126.67, 215
2020-11-11 07:26:40, 69.80, 27.20, 1235.83, 216
2020-11-11 08:11:45, 77.10, 29.10, 8889.17, 225
2020-11-11 10:37:00, 48.60, 34.40, 7165.83, 254
2020-11-11 10:42:01, 46.50, 34.30, 4529.17, 255
2020-11-11 10:47:01, 51.20, 34.10, 4554.17, 256
2020-11-11 10:52:02, 45.90, 33.90, 4496.67, 257
2020-11-11 10:57:03, 50.90, 33.90, 4594.17, 258
2020-11-11 11:02:03, 51.10, 33.70, 4605.00, 259
2020-11-11 11:12:04, 57.10, 33.00, 4520.00, 261
2020-11-11 11:17:05, 48.20, 33.10, 4588.33, 262
2020-11-11 11:22:05, 54.30, 33.20, 4784.17, 263
2020-11-11 11:32:06, 49.50, 33.50, 4270.83, 265
2020-11-11 11:37:07, 55.10, 33.70, 4597.50, 266
2020-11-11 11:42:07, 48.10, 33.90, 4641.67, 267
2020-11-11 11:57:09, 51.00, 33.90, 4565.83, 270
2020-11-11 12:02:09, 49.70, 33.80, 4518.33, 271
2020-11-11 12:07:10, 49.20, 33.90, 4527.50, 272
2020-11-11 12:12:10, 48.80, 33.70, 4567.50, 273
2020-11-11 12:17:11, 54.30, 33.90, 4608.33, 274
2020-11-11 12:22:11, 46.40, 34.10, 4520.83, 275
2020-11-11 12:27:12, 48.40, 33.80, 4625.00, 276
2020-11-11 12:32:13, 53.20, 33.90, 4536.67, 277
2020-11-11 12:37:13, 49.10, 33.80, 4459.17, 278
2020-11-11 12:42:14, 54.40, 34.00, 4352.50, 279
2020-11-11 12:47:14, 51.10, 34.00, 4293.33, 280
2020-11-11 12:52:15, 48.80, 33.70, 4317.50, 281
2020-11-11 13:02:16, 51.60, 33.80, 4113.33, 283
2020-11-11 13:07:16, 55.40, 34.00, 4159.17, 284
2020-11-11 13:12:17, 51.80, 34.10, 4078.33, 285
2020-11-11 13:17:17, 50.40, 33.70, 4041.67, 286
2020-11-11 13:22:18, 54.30, 33.60, 3874.17, 287
2020-11-11 13:32:19, 57.30, 33.80, 3780.00, 289
2020-11-11 13:37:19, 50.10, 33.90, 3765.00, 290
2020-11-11 13:42:20, 53.80, 33.50, 3692.50, 291
2020-11-11 13:47:20, 58.30, 33.60, 3656.67, 292
2020-11-11 13:52:21, 54.90, 33.30, 3577.50, 293
2020-11-11 13:57:22, 59.80, 33.40, 3399.17, 294
2020-11-11 14:02:22, 56.40, 33.60, 6790.83, 295
2020-11-11 14:07:23, 55.30, 33.40, 12900.00, 296
2020-11-11 14:12:23, 60.70, 33.40, 4218.33, 297
2020-11-11 14:17:24, 56.60, 33.30, 3155.00, 298
2020-11-11 14:22:24, 62.90, 33.40, 3045.83, 299
2020-11-11 14:27:25, 62.90, 33.40, 2960.00, 300
2020-11-11 14:32:25, 58.20, 33.10, 2848.33, 301
2020-11-11 14:37:26, 63.30, 33.00, 2755.83, 302
2020-11-11 14:42:26, 64.10, 33.00, 2637.50, 303
2020-11-11 14:47:27, 59.60, 33.10, 2591.67, 304
2020-11-11 14:52:27, 62.90, 32.70, 2475.00, 305
2020-11-11 14:57:28, 64.50, 32.70, 2368.33, 306
2020-11-11 15:02:28, 65.20, 32.70, 2270.83, 307
2020-11-11 15:07:29, 65.60, 32.80, 8106.67, 308
2020-11-11 15:12:29, 59.60, 32.80, 7705.00, 309
2020-11-11 15:17:30, 64.20, 32.70, 7465.83, 310
2020-11-11 15:22:31, 60.80, 32.70, 7084.17, 311
2020-11-11 15:37:32, 63.60, 32.40, 6394.17, 314
2020-11-11 15:42:33, 67.40, 32.30, 5595.83, 315
2020-11-11 15:47:33, 68.80, 32.30, 5181.67, 316
2020-11-11 15:52:34, 70.20, 32.20, 5098.33, 317
2020-11-11 15:57:34, 71.80, 32.00, 5093.33, 318
2020-11-11 16:02:35, 73.40, 32.10, 4585.00, 319
2020-11-11 16:07:35, 74.10, 32.20, 4140.00, 320
2020-11-11 16:12:36, 75.50, 32.20, 3518.33, 321
2020-11-11 16:17:36, 76.80, 32.00, 3377.50, 322
2020-11-11 16:22:37, 78.70, 31.60, 3040.00, 323
2020-11-11 16:27:37, 80.40, 31.50, 2431.67, 324
2020-11-11 16:32:38, 81.80, 31.30, 1933.33, 325
2020-11-11 16:37:38, 84.50, 30.80, 1568.33, 326
2020-11-11 16:42:39, 86.70, 30.40, 1255.83, 327
2020-11-11 16:47:40, 88.90, 30.00, 1040.00, 328
2020-11-11 16:52:40, 90.10, 29.70, 526.67, 329
2020-11-11 16:57:41, 90.80, 29.50, 149.17, 330
2020-11-11 17:02:41, 91.30, 29.50, 102.50, 331
2020-11-11 17:07:42, 93.10, 29.50, 66.67, 332
2020-11-11 17:12:42, 98.30, 28.80, 39.17, 333
2020-11-11 17:17:43, 99.90, 27.80, 19.17, 334
2020-11-11 17:22:43, 99.90, 27.20, 8.33, 335
2020-11-11 17:27:44, 99.90, 27.00, 3.33, 336
2020-11-11 17:32:44, 99.90, 26.90, 0.83, 337
2020-11-11 17:37:45, 99.90, 27.00, 0.00, 338
2020-12-10 12:31:47, 56.00, 33.80, 6983.33, 2
2020-12-10 12:36:48, 54.70, 34.10, 5224.17, 3
2020-12-10 12:41:49, 55.10, 34.00, 7703.33, 4
2020-12-10 12:46:49, 55.80, 34.40, 4569.17, 5
2020-12-10 12:51:50, 54.80, 34.30, 6104.17, 6
2020-12-10 12:56:50, 56.20, 34.50, 4457.50, 7
2020-12-10 13:06:51, 56.20, 34.60, 2740.00, 9
2020-12-10 13:11:52, 57.20, 34.60, 3250.00, 10
2020-12-10 13:16:52, 58.40, 34.60, 3418.33, 11
2020-12-10 13:21:53, 58.70, 34.50, 3385.83, 12
2020-12-10 13:26:53, 59.60, 34.30, 2768.33, 13
2020-12-10 13:31:54, 60.40, 34.00, 3108.33, 14
2020-12-10 13:36:54, 59.70, 33.90, 3545.83, 15
2020-12-10 13:46:55, 58.00, 34.10, 3377.50, 17
2020-12-10 13:51:56, 57.90, 34.10, 3775.00, 18
2020-12-10 14:21:59, 57.50, 34.20, 2695.83, 24
2020-12-10 14:27:00, 56.70, 34.20, 2747.50, 25
2020-12-10 14:32:00, 57.10, 34.10, 4374.17, 26
2020-12-10 14:37:01, 56.80, 34.10, 3920.00, 27
2020-12-10 14:42:01, 57.30, 34.10, 3876.67, 28
2020-12-10 14:47:02, 57.80, 34.10, 2781.67, 29
2020-12-10 14:57:03, 57.10, 34.00, 2175.00, 31
2020-12-10 15:07:04, 56.10, 33.60, 3510.83, 33
2020-12-10 15:12:04, 56.70, 33.20, 3206.67, 34
2020-12-10 15:17:05, 57.50, 32.80, 9164.17, 35
2020-12-10 15:22:05, 58.20, 32.40, 8241.67, 36
2020-12-10 15:27:06, 58.50, 32.10, 7662.50, 37
2020-12-10 15:32:06, 59.10, 32.00, 7527.50, 38
2020-12-10 15:37:07, 59.70, 31.90, 6961.67, 39
2020-12-10 15:42:08, 60.20, 31.90, 6585.83, 40
2020-12-10 15:47:08, 60.80, 31.80, 5770.83, 41
2020-12-10 15:52:09, 61.70, 31.80, 4790.83, 42
2020-12-10 15:57:09, 62.20, 31.80, 4103.33, 43
2020-12-10 16:02:10, 62.60, 31.70, 3635.00, 44
2020-12-10 16:07:10, 63.10, 31.60, 3270.00, 45
2020-12-10 16:12:11, 63.70, 31.30, 2794.17, 46
2020-12-10 16:17:11, 64.20, 31.10, 2470.00, 47
2020-12-10 16:22:12, 64.20, 31.00, 2300.00, 48
2020-12-10 16:27:12, 64.20, 31.00, 1985.83, 49
2020-12-10 16:37:13, 64.60, 30.60, 273.33, 51
2020-12-10 16:42:14, 64.50, 30.60, 260.83, 52
2020-12-10 16:47:14, 63.80, 30.60, 217.50, 53
2020-12-10 16:52:15, 63.20, 30.70, 161.67, 54
2020-12-10 16:57:15, 63.30, 30.60, 110.00, 55
2020-12-10 17:02:16, 63.20, 30.60, 63.33, 56
2020-12-10 17:07:16, 63.10, 30.40, 17.50, 57
2020-12-10 17:12:17, 63.00, 30.50, 11.67, 58
2020-12-10 17:17:17, 62.90, 30.40, 5.83, 59
2020-12-10 17:22:18, 62.70, 30.40, 2.50, 60
2020-12-10 17:27:18, 62.70, 30.30, 0.83, 61
2020-12-10 17:32:19, 62.40, 30.20, 0.00, 62
2020-12-10 17:37:19, 62.50, 30.10, 0.00, 63
2020-12-10 17:42:20, 62.40, 30.10, 0.00, 64
2020-12-10 17:47:20, 62.50, 30.10, 0.00, 65
2020-12-10 17:52:21, 62.40, 30.00, 0.00, 66
2020-12-10 17:57:21, 62.30, 30.00, 0.00, 67
2020-12-10 18:02:21, 62.40, 29.90, 0.00, 68
2020-12-10 18:07:22, 62.50, 29.80, 0.00, 69
2020-12-10 18:12:22, 62.50, 29.70, 0.00, 70
2020-12-10 18:17:23, 62.40, 29.70, 0.00, 71
2020-12-10 18:32:24, 62.80, 29.60, 0.00, 74
2020-12-10 18:37:24, 63.00, 29.60, 0.00, 75
2020-12-10 18:42:25, 63.50, 29.50, 0.00, 76
2020-12-10 18:47:25, 63.50, 29.50, 0.00, 77
2020-12-10 18:52:26, 63.00, 29.50, 0.00, 78
2020-12-10 18:57:26, 63.10, 29.50, 0.00, 79
2020-12-10 19:02:27, 63.40, 29.50, 0.00, 80
2020-12-10 19:07:27, 63.70, 29.40, 0.00, 81
2020-12-10 19:12:28, 63.80, 29.40, 0.00, 82
2020-12-10 19:17:28, 63.90, 29.30, 0.00, 83
2020-12-10 19:22:28, 63.60, 29.30, 0.00, 84
2020-12-10 19:27:29, 63.50, 29.30, 0.00, 85
2020-12-10 19:32:29, 64.00, 29.30, 0.00, 86
2020-12-10 19:37:30, 63.80, 29.30, 0.00, 87
2020-12-10 19:42:30, 63.60, 29.20, 0.00, 88
2020-12-10 19:47:31, 63.90, 29.20, 0.00, 89
2020-12-10 19:52:31, 64.00, 29.20, 0.00, 90
2020-12-10 19:57:32, 64.40, 29.10, 0.00, 91
2020-12-10 20:02:32, 64.50, 29.10, 0.00, 92
2020-12-10 20:07:32, 64.30, 29.10, 0.00, 93
2020-12-10 20:17:33, 64.50, 29.00, 0.00, 95
2020-12-10 20:22:34, 64.50, 29.00, 0.00, 96
2020-12-10 20:27:34, 64.90, 29.00, 0.00, 97
2020-12-10 20:32:35, 64.70, 28.90, 0.00, 98
2020-12-10 20:42:36, 64.50, 28.90, 0.00, 100
2020-12-10 20:47:36, 64.40, 28.80, 0.00, 101
2020-12-10 20:52:37, 65.00, 28.90, 0.00, 102
2020-12-10 20:57:37, 64.70, 28.90, 0.00, 103
2020-12-10 21:07:38, 64.70, 28.80, 0.00, 105
2020-12-10 21:12:39, 64.80, 28.80, 0.00, 106
2020-12-10 21:17:39, 65.40, 28.80, 0.00, 107
2020-12-10 21:22:40, 65.20, 28.80, 0.00, 108
2020-12-10 21:27:40, 65.00, 28.80, 0.00, 109
2020-12-10 21:32:41, 65.20, 28.70, 0.00, 110
2020-12-10 21:37:41, 64.80, 28.80, 0.00, 111
2020-12-10 21:42:42, 65.10, 28.80, 0.00, 112
2020-12-10 21:47:42, 65.20, 28.80, 0.00, 113
2020-12-10 21:52:43, 64.80, 28.80, 0.00, 114
2020-12-10 21:57:43, 64.40, 28.80, 0.00, 115
2020-12-10 22:02:44, 64.30, 28.90, 0.00, 116
2020-12-10 22:07:44, 64.80, 28.90, 0.00, 117
2020-12-10 22:12:45, 64.40, 28.80, 0.00, 118
2020-12-10 22:17:45, 64.80, 28.80, 0.00, 119
2020-12-10 22:22:46, 65.00, 28.80, 0.00, 120
2020-12-10 22:27:46, 64.80, 28.80, 0.00, 121
2020-12-10 22:37:48, 64.80, 28.90, 0.00, 123
2020-12-10 22:47:49, 64.00, 28.90, 0.00, 125
2020-12-10 22:52:49, 64.80, 28.90, 0.00, 126
2020-12-10 22:57:50, 64.50, 28.90, 0.00, 127
2020-12-10 23:02:50, 64.40, 28.90, 0.00, 128
2020-12-10 23:07:51, 64.00, 28.90, 0.00, 129
2020-12-10 23:12:51, 64.60, 28.90, 0.00, 130
2020-12-10 23:17:52, 64.30, 28.90, 0.00, 131
2020-12-10 23:22:52, 64.20, 28.90, 0.00, 132
2020-12-10 23:27:53, 64.30, 28.90, 0.00, 133
2020-12-10 23:32:53, 64.40, 28.80, 0.00, 134
2020-12-10 23:37:54, 64.50, 28.80, 0.00, 135
2020-12-10 23:42:54, 64.40, 28.90, 0.00, 136
2020-12-10 23:52:55, 64.40, 28.90, 0.00, 138
2020-12-10 23:57:56, 64.40, 28.90, 0.00, 139
2020-12-11 00:02:56, 64.30, 28.90, 0.00, 140
2020-12-11 00:07:57, 64.30, 28.90, 0.00, 141
2020-12-11 00:12:57, 64.30, 28.90, 0.00, 142
2020-12-11 00:17:58, 64.20, 29.00, 0.00, 143
2020-12-11 00:22:58, 64.30, 28.90, 0.00, 144
2020-12-11 00:27:59, 63.80, 28.90, 0.00, 145
2020-12-11 00:33:00, 64.90, 28.90, 0.00, 146
2020-12-11 00:38:00, 64.50, 28.90, 0.00, 147
2020-12-11 00:43:01, 64.30, 28.90, 0.00, 148
2020-12-11 00:48:01, 64.20, 28.80, 0.00, 149
2020-12-11 00:53:02, 64.50, 28.80, 0.00, 150
2020-12-11 00:58:02, 64.40, 28.80, 0.00, 151
2020-12-11 01:03:03, 64.60, 28.70, 0.00, 152
2020-12-11 01:08:03, 64.70, 28.70, 0.00, 153
2020-12-11 01:13:04, 65.10, 28.70, 0.00, 154
2020-12-11 01:18:04, 65.30, 28.60, 0.00, 155
2020-12-11 01:23:05, 65.10, 28.60, 0.00, 156
2020-12-11 01:28:05, 65.20, 28.50, 0.00, 157
2020-12-11 01:38:06, 65.00, 28.50, 0.00, 159
2020-12-11 01:43:07, 65.00, 28.50, 0.00, 160
2020-12-11 01:48:07, 65.10, 28.50, 0.00, 161
2020-12-11 01:53:08, 65.10, 28.40, 0.00, 162
2020-12-11 01:58:08, 65.10, 28.40, 0.00, 163
2020-12-11 02:03:09, 65.30, 28.40, 0.00, 164
2020-12-11 02:13:10, 65.20, 28.30, 0.00, 166
2020-12-11 02:18:10, 65.50, 28.30, 0.00, 167
2020-12-11 02:23:11, 65.30, 28.30, 0.00, 168
2020-12-11 02:28:12, 65.40, 28.30, 0.00, 169
2020-12-11 02:38:13, 65.90, 28.20, 0.00, 171
2020-12-11 02:43:13, 66.00, 28.00, 0.00, 172
2020-12-11 02:48:14, 66.20, 28.00, 0.00, 173
2020-12-11 02:58:15, 65.80, 28.00, 0.00, 175
2020-12-11 03:03:15, 65.80, 28.00, 0.00, 176
2020-12-11 03:08:16, 66.00, 28.00, 0.00, 177
2020-12-11 03:13:16, 66.10, 27.90, 0.00, 178
2020-12-11 03:18:17, 66.60, 27.90, 0.00, 179
2020-12-11 03:23:17, 66.40, 27.80, 0.00, 180
2020-12-11 03:28:18, 66.30, 27.80, 0.00, 181
2020-12-11 03:33:18, 66.10, 27.80, 0.00, 182
2020-12-11 03:38:19, 66.30, 27.90, 0.00, 183
2020-12-11 03:43:19, 66.10, 27.80, 0.00, 184
2020-12-11 03:48:20, 66.10, 27.80, 0.00, 185
2020-12-11 03:53:20, 66.00, 27.80, 0.00, 186
2020-12-11 03:58:21, 66.30, 27.80, 0.00, 187
2020-12-11 04:08:22, 66.20, 27.70, 0.00, 189
2020-12-11 04:13:22, 66.30, 27.70, 0.00, 190
2020-12-11 04:18:23, 66.40, 27.60, 0.00, 191
2020-12-11 04:23:24, 66.50, 27.60, 0.00, 192
2020-12-11 04:33:25, 66.40, 27.60, 0.00, 194
2020-12-11 04:38:25, 66.30, 27.60, 0.00, 195
2020-12-11 04:43:26, 66.40, 27.60, 0.00, 196
2020-12-11 04:48:26, 66.30, 27.60, 0.00, 197
2020-12-11 04:53:27, 66.30, 27.60, 0.00, 198
2020-12-11 04:58:27, 66.10, 27.60, 0.00, 199
2020-12-11 05:03:28, 66.30, 27.60, 0.00, 200
2020-12-11 05:13:29, 66.60, 27.50, 0.00, 202
2020-12-11 05:18:29, 66.30, 27.50, 0.00, 203
2020-12-11 05:23:30, 66.30, 27.50, 0.00, 204
2020-12-11 05:28:30, 66.10, 27.50, 0.00, 205
2020-12-11 05:33:31, 66.10, 27.50, 0.00, 206
2020-12-11 05:38:31, 66.10, 27.50, 0.00, 207
2020-12-11 05:43:32, 66.30, 27.50, 0.00, 208
2020-12-11 05:48:32, 66.00, 27.50, 0.00, 209
2020-12-11 05:53:33, 66.30, 27.50, 0.00, 210
2020-12-11 05:58:33, 65.80, 27.40, 0.00, 211
2020-12-11 06:03:34, 65.80, 27.50, 0.00, 212
2020-12-11 06:08:35, 65.60, 27.50, 0.83, 213
2020-12-11 06:18:36, 65.60, 27.30, 5.00, 215
2020-12-11 06:23:36, 65.60, 27.30, 13.33, 216
2020-12-11 06:28:37, 65.40, 27.30, 25.00, 217
2020-12-11 06:33:37, 65.30, 27.40, 47.50, 218
2020-12-11 06:38:38, 65.00, 27.40, 78.33, 219
2020-12-11 06:43:38, 64.90, 27.40, 117.50, 220
2020-12-11 06:48:39, 65.00, 27.40, 162.50, 221
2020-12-11 07:08:41, 64.50, 27.40, 635.00, 225
2020-12-11 07:13:41, 64.40, 27.50, 544.17, 226
2020-12-11 07:18:42, 64.20, 27.60, 505.00, 227
2020-12-11 07:23:42, 64.00, 27.70, 505.00, 228
2020-12-11 07:28:43, 63.30, 27.70, 525.83, 229
2020-12-11 07:33:43, 62.90, 27.90, 848.33, 230
2020-12-11 07:38:44, 62.50, 28.00, 935.00, 231
2020-12-11 07:43:45, 62.20, 28.10, 835.00, 232
2020-12-11 07:48:45, 61.80, 28.20, 739.17, 233
2020-12-11 07:53:46, 61.60, 28.30, 725.83, 234
2020-12-11 07:58:46, 61.10, 28.40, 931.67, 235
2020-12-11 08:08:47, 60.90, 28.50, 5991.67, 237
2020-12-11 08:13:48, 60.80, 28.60, 6153.33, 238
2020-12-11 08:18:48, 60.20, 28.70, 6656.67, 239
2020-12-11 08:28:49, 59.30, 29.30, 9044.17, 241
2020-12-11 08:33:50, 58.30, 29.70, 8136.67, 242
2020-12-11 08:38:50, 57.70, 29.90, 5718.33, 243
2020-12-11 08:43:51, 57.10, 30.10, 8496.67, 244
2020-12-11 08:53:52, 56.30, 30.70, 10773.33, 246
2020-12-11 08:58:52, 55.10, 31.10, 6337.50, 247
2020-12-11 09:03:53, 55.40, 31.30, 9540.83, 248
2020-12-11 09:08:54, 55.00, 31.60, 11620.00, 249
2020-12-11 09:13:54, 54.90, 32.00, 9369.17, 250
2020-12-11 09:18:55, 54.80, 32.20, 12506.67, 251
2020-12-11 09:23:55, 54.60, 32.50, 8955.83, 252
2020-12-11 09:33:56, 54.60, 32.80, 9310.83, 254
2020-12-11 09:38:57, 55.10, 32.90, 10317.50, 255
2020-12-11 09:43:57, 55.40, 33.00, 15200.83, 256
2020-12-11 09:48:58, 55.60, 33.30, 12350.83, 257
2020-12-11 09:53:58, 55.20, 33.70, 6887.50, 258
2020-12-11 09:58:59, 54.60, 34.00, 3393.33, 259
2020-12-11 10:03:59, 57.90, 34.00, 3891.67, 260
2020-12-11 10:09:00, 57.30, 33.80, 8850.00, 261
2020-12-11 10:14:00, 58.10, 33.30, 13652.50, 262
2020-12-11 10:24:01, 59.60, 33.10, 2700.83, 264
2020-12-11 10:29:02, 59.40, 33.30, 2355.00, 265
2020-12-11 10:44:04, 58.00, 33.80, 5063.33, 268
2020-12-11 10:54:05, 58.10, 34.30, 4757.50, 270
2020-12-11 10:59:05, 58.00, 34.50, 8370.83, 271
2020-12-11 11:04:06, 58.30, 34.80, 4284.17, 272
2020-12-11 11:09:06, 58.60, 35.00, 5300.00, 273
2020-12-11 11:19:07, 59.30, 35.30, 4724.17, 275
2020-12-11 11:24:08, 59.90, 35.60, 5394.17, 276
2020-12-11 11:29:08, 60.10, 35.90, 6338.33, 277
2020-12-11 11:34:09, 60.60, 36.10, 3336.67, 278
2020-12-11 11:39:09, 61.80, 36.30, 10552.50, 279
2020-12-11 11:44:10, 61.80, 36.50, 3444.17, 280
2020-12-11 11:49:10, 61.80, 36.60, 4167.50, 281
2020-12-11 11:54:11, 62.50, 36.80, 4150.00, 282
2020-12-11 11:59:12, 62.90, 36.90, 5547.50, 283
2020-12-11 12:29:15, 66.20, 36.50, 2475.83, 289
2020-12-11 12:34:15, 64.50, 36.30, 1925.83, 290
2020-12-11 12:39:16, 63.00, 36.00, 3118.33, 291
2020-12-11 12:44:16, 61.70, 35.80, 1965.83, 292
2020-12-11 12:49:17, 59.60, 35.50, 2278.33, 293
2020-12-11 12:59:18, 57.90, 35.10, 1728.33, 295
2020-12-11 13:14:19, 60.60, 34.80, 1643.33, 298
2020-12-11 13:19:20, 60.60, 34.70, 1465.83, 299
2020-12-11 13:24:21, 62.10, 34.70, 1395.83, 300
2020-12-11 13:29:21, 62.50, 34.70, 937.50, 301
2020-12-11 13:34:22, 60.40, 34.60, 746.67, 302
2020-12-11 13:39:22, 62.50, 34.60, 3662.50, 303
2020-12-11 13:44:23, 62.40, 34.50, 6530.83, 304
2020-12-11 13:49:23, 61.80, 34.30, 13600.83, 305
2020-12-11 13:54:24, 60.00, 34.40, 6340.00, 306
2020-12-11 14:04:25, 58.60, 34.50, 2006.67, 308
2020-12-11 14:09:25, 58.70, 34.40, 1744.17, 309
2020-12-11 14:14:26, 56.80, 34.00, 8598.33, 310
2020-12-11 14:24:27, 58.60, 32.60, 10933.33, 312
2020-12-11 14:34:28, 59.70, 32.10, 8921.67, 314
2020-12-11 14:39:28, 60.10, 32.00, 8710.83, 315
2020-12-11 14:54:30, 59.90, 31.60, 6491.67, 318
2020-12-11 14:59:31, 60.00, 31.40, 6726.67, 319
2020-12-11 15:04:31, 60.00, 31.20, 6566.67, 320
2020-12-11 15:09:32, 60.40, 31.10, 6330.83, 321
2020-12-11 15:14:32, 60.60, 31.00, 4924.17, 322
2020-12-11 15:19:33, 60.80, 30.90, 5117.50, 323
2020-12-11 15:24:33, 61.50, 30.70, 3889.17, 324
2020-12-11 15:29:34, 62.00, 30.50, 3868.33, 325
2020-12-11 15:34:34, 62.40, 30.50, 4192.50, 326
2020-12-11 15:39:35, 62.60, 30.60, 4959.17, 327
2020-12-11 15:44:35, 62.90, 30.80, 5919.17, 328
2020-12-11 15:49:36, 63.60, 31.10, 7260.00, 329
2020-12-11 15:59:37, 62.50, 31.30, 4436.67, 331
2020-12-11 16:04:37, 62.60, 31.30, 5530.00, 332
2020-12-11 16:09:38, 62.70, 31.40, 4614.17, 333
2020-12-11 16:19:39, 63.00, 31.30, 2266.67, 335
2020-12-11 16:24:40, 63.10, 31.20, 2370.83, 336
2020-12-11 16:29:40, 63.40, 31.00, 2158.33, 337
2020-12-11 16:39:41, 63.90, 30.80, 314.17, 339
2020-12-11 16:44:42, 63.90, 30.70, 252.50, 340
2020-12-11 16:49:42, 63.50, 30.70, 205.00, 341
2020-12-11 16:54:43, 63.50, 30.60, 161.67, 342
2020-12-11 16:59:43, 63.80, 30.70, 110.83, 343
2020-12-11 17:09:44, 63.70, 30.50, 18.33, 345
2020-12-11 17:14:45, 63.60, 30.40, 10.83, 346
2020-12-11 17:19:45, 63.80, 30.40, 5.00, 347
2020-12-11 17:24:46, 63.50, 30.40, 2.50, 348
2020-12-11 17:29:46, 63.70, 30.30, 0.83, 349
2020-12-11 17:34:47, 63.80, 30.20, 0.00, 350
2020-12-11 17:44:48, 63.40, 30.10, 0.00, 352
2020-12-11 17:49:49, 63.80, 30.00, 0.00, 353
2020-12-11 17:54:49, 63.60, 30.00, 0.00, 354
2020-12-11 17:59:50, 63.30, 29.90, 0.00, 355
2020-12-11 18:14:51, 64.00, 29.80, 0.00, 358
2020-12-11 18:19:52, 64.10, 29.70, 0.00, 359
2020-12-11 18:24:52, 64.30, 29.70, 0.00, 360
2020-12-11 18:29:53, 64.40, 29.60, 0.00, 361
2020-12-11 18:34:53, 64.40, 29.60, 0.00, 362
2020-12-11 18:39:54, 64.40, 29.60, 0.00, 363
2020-12-11 18:44:54, 64.20, 29.50, 0.00, 364
2020-12-11 18:49:55, 64.30, 29.50, 0.00, 365
2020-12-11 18:54:55, 64.50, 29.50, 0.00, 366
2020-12-11 18:59:56, 64.80, 29.50, 0.00, 367
2020-12-11 19:04:56, 65.00, 29.40, 0.00, 368
2020-12-11 19:09:57, 64.80, 29.40, 0.00, 369
2020-12-11 19:14:57, 64.80, 29.30, 0.00, 370
2020-12-11 19:19:58, 64.80, 29.30, 0.00, 371
2020-12-11 19:24:58, 65.10, 29.20, 0.00, 372
2020-12-11 19:29:59, 65.40, 29.20, 0.00, 373
2020-12-11 19:34:59, 65.50, 29.20, 0.00, 374
2020-12-11 19:40:00, 65.60, 29.10, 0.00, 375
2020-12-11 19:45:01, 65.30, 29.10, 0.00, 376
2020-12-11 19:50:01, 65.40, 29.00, 0.00, 377
2020-12-11 20:00:02, 65.70, 28.90, 0.00, 379
2020-12-11 20:05:03, 65.80, 28.90, 0.00, 380
2020-12-11 20:15:04, 65.70, 28.90, 0.00, 382
2020-12-11 20:20:04, 65.60, 28.90, 0.00, 383
2020-12-11 20:25:05, 65.60, 28.80, 0.00, 384
2020-12-11 20:30:05, 65.50, 28.90, 0.00, 385
2020-12-11 20:35:06, 65.90, 28.90, 0.00, 386
2020-12-11 20:40:06, 65.80, 28.90, 0.00, 387
2020-12-11 20:45:07, 65.30, 28.90, 0.00, 388
2020-12-11 20:50:07, 65.70, 28.90, 0.00, 389
2020-12-11 20:55:08, 65.90, 28.90, 0.00, 390
2020-12-11 21:00:08, 65.30, 28.90, 0.00, 391
2020-12-11 21:05:09, 65.60, 28.90, 0.00, 392
2020-12-11 21:10:09, 65.10, 28.90, 0.00, 393
2020-12-11 21:20:10, 65.60, 28.90, 0.00, 395
2020-12-11 21:25:11, 65.50, 28.90, 0.00, 396
2020-12-11 21:30:12, 65.10, 28.90, 0.00, 397
2020-12-11 21:35:12, 65.10, 28.90, 0.00, 398
2020-12-11 21:40:13, 65.10, 28.90, 0.00, 399
2020-12-11 21:45:13, 65.20, 28.90, 0.00, 400
2020-12-11 21:50:14, 64.90, 28.80, 0.00, 401
2020-12-11 21:55:14, 65.00, 28.90, 0.00, 402
2020-12-11 22:00:15, 65.20, 28.80, 0.00, 403
2020-12-11 22:05:15, 65.50, 28.90, 0.00, 404
2020-12-11 22:15:16, 65.20, 28.80, 0.00, 406
2020-12-11 22:20:17, 64.90, 28.80, 0.00, 407
2020-12-11 22:25:17, 65.30, 28.90, 0.00, 408
2020-12-11 22:30:18, 65.20, 28.80, 0.00, 409
2020-12-11 22:35:18, 64.90, 28.80, 0.00, 410
2020-12-11 22:40:19, 64.90, 28.80, 0.00, 411
2020-12-11 22:45:19, 65.10, 28.80, 0.00, 412
2020-12-11 22:50:20, 64.90, 28.80, 0.00, 413
2020-12-11 22:55:20, 64.90, 28.80, 0.00, 414
2020-12-11 23:05:21, 64.60, 28.90, 0.00, 416
2020-12-11 23:15:22, 64.10, 29.00, 0.00, 418
2020-12-11 23:20:23, 63.90, 29.00, 0.00, 419
2020-12-11 23:25:24, 63.70, 29.00, 0.00, 420
2020-12-11 23:30:24, 63.60, 29.00, 0.00, 421
2020-12-11 23:35:25, 64.00, 29.10, 0.00, 422
2020-12-11 23:40:25, 64.00, 29.10, 0.00, 423
2020-12-11 23:45:26, 63.70, 29.10, 0.00, 424
2020-12-11 23:50:26, 64.00, 29.10, 0.00, 425
2020-12-12 00:10:28, 63.50, 29.20, 0.00, 429
2020-12-12 00:15:29, 63.30, 29.20, 0.00, 430
2020-12-12 00:20:29, 63.60, 29.20, 0.00, 431
2020-12-12 00:25:30, 63.60, 29.10, 0.00, 432
2020-12-12 00:30:30, 63.60, 29.10, 0.00, 433
2020-12-12 00:35:31, 63.60, 29.10, 0.00, 434
2020-12-12 00:40:31, 63.40, 29.10, 0.00, 435
2020-12-12 00:45:32, 63.70, 29.10, 0.00, 436
2020-12-12 00:50:32, 63.90, 29.00, 0.00, 437
2020-12-12 00:55:33, 63.90, 29.00, 0.00, 438
2020-12-12 01:00:33, 63.60, 28.90, 0.00, 439
2020-12-12 01:05:34, 64.00, 28.90, 0.00, 440
2020-12-12 01:10:34, 64.20, 28.80, 0.00, 441
2020-12-12 01:15:35, 64.60, 28.80, 0.00, 442
2020-12-12 01:20:36, 64.20, 28.70, 0.00, 443
2020-12-12 01:25:36, 64.80, 28.70, 0.00, 444
2020-12-12 01:30:37, 64.70, 28.60, 0.00, 445
2020-12-12 01:35:37, 65.00, 28.50, 0.00, 446
2020-12-12 01:40:38, 64.70, 28.50, 0.00, 447
2020-12-12 01:50:39, 65.00, 28.30, 0.00, 449
2020-12-12 01:55:39, 65.30, 28.30, 0.00, 450
2020-12-12 02:00:40, 65.50, 28.10, 0.00, 451
2020-12-12 02:05:40, 65.80, 28.10, 0.00, 452
2020-12-12 02:10:41, 65.70, 28.00, 0.00, 453
2020-12-12 02:15:41, 65.20, 28.00, 0.00, 454
2020-12-12 02:20:42, 65.10, 28.00, 0.00, 455
2020-12-12 02:25:42, 65.30, 27.90, 0.00, 456
2020-12-12 02:30:43, 65.40, 28.00, 0.00, 457
2020-12-12 02:35:43, 65.90, 27.80, 0.00, 458
2020-12-12 02:45:44, 65.60, 27.80, 0.00, 460
2020-12-12 02:50:45, 66.20, 27.70, 0.00, 461
2020-12-12 02:55:45, 65.70, 27.70, 0.00, 462
2020-12-12 03:00:46, 65.80, 27.70, 0.00, 463
2020-12-12 03:05:46, 70.50, 27.70, 0.00, 464
2020-12-12 03:10:47, 71.80, 27.60, 0.00, 465
2020-12-12 03:15:48, 74.30, 27.50, 0.00, 466
2020-12-12 03:25:49, 78.40, 27.30, 0.00, 468
2020-12-12 03:30:49, 79.20, 27.20, 0.00, 469
2020-12-12 03:35:50, 80.80, 27.10, 0.00, 470
2020-12-12 03:40:50, 81.50, 27.10, 0.00, 471
2020-12-12 03:45:51, 84.90, 26.90, 0.00, 472
2020-12-12 03:50:51, 85.90, 26.70, 0.00, 473
2020-12-12 03:55:52, 86.80, 26.50, 0.00, 474
2020-12-12 04:00:52, 89.50, 26.40, 0.00, 475
2020-12-12 04:10:53, 91.40, 25.90, 0.00, 477
2020-12-12 04:15:54, 92.60, 25.80, 0.00, 478
2020-12-12 04:20:54, 93.10, 25.80, 0.00, 479
2020-12-12 04:30:55, 93.50, 25.70, 0.00, 481
2020-12-12 04:35:56, 93.80, 25.80, 0.00, 482
2020-12-12 04:40:56, 94.00, 25.90, 0.00, 483
2020-12-12 04:45:57, 93.90, 25.90, 0.00, 484
2020-12-12 04:50:57, 93.90, 25.90, 0.00, 485
2020-12-12 04:55:58, 94.00, 25.90, 0.00, 486
2020-12-12 05:00:58, 94.20, 25.90, 0.00, 487
2020-12-12 05:05:59, 94.30, 25.90, 0.00, 488
2020-12-12 05:11:00, 94.40, 26.00, 0.00, 489
2020-12-12 05:16:00, 94.60, 26.00, 0.00, 490
2020-12-12 05:21:01, 94.80, 25.90, 0.00, 491
2020-12-12 05:26:01, 94.90, 25.90, 0.00, 492
2020-12-12 05:31:02, 94.90, 25.90, 0.00, 493
2020-12-12 05:36:02, 95.00, 25.80, 0.00, 494
2020-12-12 05:41:03, 95.10, 25.90, 0.00, 495
2020-12-12 05:46:03, 95.00, 25.90, 0.00, 496
2020-12-12 06:01:05, 94.60, 25.90, 0.00, 499
2020-12-12 06:06:05, 94.70, 25.90, 0.00, 500
2020-12-12 06:11:06, 94.70, 25.90, 0.83, 501
2020-12-12 06:16:06, 94.90, 25.80, 4.17, 502
2020-12-12 06:21:07, 95.00, 25.80, 10.83, 503
2020-12-12 06:26:07, 94.90, 25.80, 23.33, 504
2020-12-12 06:31:08, 94.90, 25.80, 40.83, 505
2020-12-12 06:36:08, 94.80, 25.80, 65.83, 506
2020-12-12 06:41:09, 94.80, 25.80, 100.00, 507
2020-12-12 06:46:09, 94.70, 25.80, 141.67, 508
2020-12-12 06:51:10, 94.50, 25.90, 177.50, 509
2020-12-12 07:11:12, 94.20, 26.00, 393.33, 513
2020-12-12 07:16:13, 94.30, 26.00, 415.00, 514
2020-12-12 07:21:13, 94.00, 26.10, 474.17, 515
2020-12-12 07:26:14, 93.90, 26.10, 539.17, 516
2020-12-12 07:31:14, 94.00, 26.20, 614.17, 517
2020-12-12 07:36:15, 93.50, 26.30, 715.00, 518
2020-12-12 07:46:16, 93.70, 26.60, 916.67, 520
2020-12-12 07:51:16, 93.30, 26.70, 983.33, 521
2020-12-12 07:56:17, 93.00, 26.80, 1042.50, 522
2020-12-12 08:06:18, 92.40, 27.10, 4906.67, 524
2020-12-12 08:11:18, 92.50, 27.20, 5120.83, 525
2020-12-12 08:16:19, 92.20, 27.30, 5027.50, 526
2020-12-12 08:21:19, 92.10, 27.50, 5435.00, 527
2020-12-12 08:31:21, 91.70, 27.80, 6065.00, 529
2020-12-12 08:36:21, 91.50, 28.00, 7291.67, 530
2020-12-12 08:46:22, 90.80, 28.60, 9805.83, 532
2020-12-12 08:51:23, 91.10, 28.90, 11316.67, 533
2020-12-12 08:56:23, 90.70, 29.30, 11746.67, 534
2020-12-12 09:01:24, 90.60, 29.70, 11421.67, 535
2020-12-12 09:06:24, 90.40, 30.00, 13575.83, 536
2020-12-12 09:11:25, 90.30, 30.40, 15915.83, 537
2020-12-12 09:16:25, 90.30, 30.70, 5844.17, 538
2020-12-12 09:21:26, 89.80, 30.90, 7725.83, 539
2020-12-12 09:26:26, 89.60, 31.30, 7975.83, 540
2020-12-12 09:31:27, 89.70, 31.60, 6575.00, 541
2020-12-12 09:36:27, 79.60, 31.80, 6003.33, 542
2020-12-12 09:41:28, 81.90, 32.00, 7098.33, 543
2020-12-12 10:06:31, 69.70, 32.70, 6540.83, 548
2020-12-12 10:11:31, 68.20, 32.30, 7560.83, 549
2020-12-12 10:16:32, 64.90, 31.90, 9229.17, 550
2020-12-12 10:21:32, 64.30, 31.70, 5965.83, 551
2020-12-12 10:26:33, 68.50, 31.50, 1542.50, 552
2020-12-12 10:31:33, 73.50, 31.50, 2286.67, 553
2020-12-12 10:36:34, 72.70, 31.70, 4597.50, 554
2020-12-12 10:41:34, 74.50, 31.80, 5815.83, 555
2020-12-12 10:46:35, 74.60, 32.00, 5008.33, 556
2020-12-12 10:51:35, 73.80, 32.20, 4419.17, 557
2020-12-12 10:56:36, 76.50, 32.40, 5692.50, 558
2020-12-12 11:01:36, 74.90, 32.60, 4714.17, 559
2020-12-12 11:06:37, 72.40, 32.80, 6548.33, 560
2020-12-12 11:11:38, 71.60, 33.00, 7370.83, 561
2020-12-12 11:16:38, 69.60, 33.50, 7285.00, 562
2020-12-12 11:26:39, 72.20, 34.10, 8324.17, 564
2020-12-12 11:31:40, 69.00, 34.40, 7194.17, 565
2020-12-12 11:36:40, 70.40, 34.60, 6200.83, 566
2020-12-12 11:41:41, 70.50, 34.70, 4621.67, 567
2020-12-12 11:46:41, 61.90, 34.70, 4745.00, 568
2020-12-12 11:56:42, 57.90, 34.60, 7530.83, 570
2020-12-12 12:01:43, 57.80, 34.90, 7220.00, 571
2020-12-12 12:06:43, 54.70, 34.60, 7427.50, 572
2020-12-12 12:11:44, 60.40, 34.80, 6990.00, 573
2020-12-12 12:21:45, 59.50, 35.00, 8035.83, 575
2020-12-12 12:26:45, 51.70, 35.20, 7466.67, 576
2020-12-12 12:31:46, 57.50, 35.10, 7990.83, 577
2020-12-12 12:36:47, 60.00, 35.30, 5567.50, 578
2020-12-12 12:41:47, 54.00, 35.30, 7699.17, 579
2020-12-12 12:46:48, 58.40, 35.30, 6156.67, 580
2020-12-12 12:51:48, 59.60, 35.60, 6458.33, 581
2020-12-12 12:56:49, 53.60, 35.40, 7359.17, 582
2020-12-12 13:01:49, 56.90, 35.40, 7556.67, 583
2020-12-12 13:06:50, 58.70, 35.60, 6312.50, 584
2020-12-12 13:11:50, 53.40, 35.40, 6941.67, 585
2020-12-12 13:16:51, 57.70, 35.40, 6445.00, 586
2020-12-12 13:26:52, 57.20, 35.30, 6306.67, 588
2020-12-12 13:31:52, 53.00, 35.40, 6218.33, 589
2020-12-12 13:41:53, 57.60, 35.20, 6286.67, 591
2020-12-12 13:46:54, 58.50, 35.30, 5438.33, 592
2020-12-12 13:51:54, 49.00, 35.30, 5737.50, 593
2020-12-12 15:12:03, 50.70, 33.20, 3703.33, 609
2020-12-12 15:17:03, 51.20, 32.80, 3132.50, 610
2020-12-12 15:27:05, 51.90, 32.00, 3021.67, 612
2020-12-12 15:32:05, 52.80, 31.70, 3283.33, 613
2020-12-12 15:37:06, 55.10, 31.90, 3006.67, 614
2020-12-12 15:42:06, 55.50, 32.20, 2429.17, 615
2020-12-12 15:47:07, 54.30, 32.20, 5206.67, 616
2020-12-12 15:57:08, 54.90, 32.30, 6935.83, 618
2020-12-12 16:02:08, 55.30, 32.10, 7251.67, 619
2020-12-12 16:07:09, 57.70, 32.50, 6113.33, 620
2020-12-12 16:12:09, 57.10, 32.80, 6223.33, 621
2020-12-12 16:17:10, 56.60, 32.90, 4973.33, 622
2020-12-12 16:22:10, 58.70, 32.90, 5135.00, 623
2020-12-12 16:27:11, 60.70, 32.80, 4142.50, 624
2020-12-12 16:32:11, 63.00, 32.60, 2233.33, 625
2020-12-12 16:37:12, 63.40, 32.50, 665.83, 626
2020-12-12 16:42:12, 63.80, 32.30, 554.17, 627
2020-12-12 16:47:13, 65.30, 32.00, 416.67, 628
2020-12-12 16:52:14, 66.50, 31.70, 255.83, 629
2020-12-12 16:57:14, 67.30, 31.40, 191.67, 630
2020-12-12 17:02:15, 69.90, 31.10, 125.83, 631
2020-12-12 17:07:15, 70.30, 30.80, 31.67, 632
2020-12-12 17:12:16, 70.40, 30.60, 19.17, 633
2020-12-12 17:17:16, 70.70, 30.40, 10.83, 634
2020-12-12 17:22:17, 70.60, 30.20, 4.17, 635
2020-12-12 17:27:17, 71.00, 30.00, 1.67, 636
2020-12-12 17:32:18, 70.90, 29.90, 0.83, 637
2020-12-12 17:42:19, 71.10, 29.60, 0.00, 639
2020-12-12 17:52:20, 71.10, 29.50, 0.00, 641
2020-12-12 17:57:20, 71.00, 29.40, 0.00, 642
2020-12-12 18:02:21, 71.30, 29.30, 0.00, 643
2020-12-12 18:07:21, 71.20, 29.20, 0.00, 644
2020-12-12 18:12:22, 72.00, 29.10, 0.00, 645
2020-12-12 18:17:22, 72.70, 29.10, 0.00, 646
2020-12-12 18:22:23, 73.00, 29.10, 0.00, 647
2020-12-12 18:27:23, 72.40, 29.00, 0.00, 648
2020-12-12 18:32:24, 72.40, 29.10, 0.00, 649
2020-12-12 18:37:25, 72.70, 29.00, 0.00, 650
2020-12-12 18:42:25, 73.10, 28.90, 0.00, 651
2020-12-12 18:52:26, 73.50, 28.80, 0.00, 653
2020-12-12 18:57:27, 73.60, 28.80, 0.00, 654
2020-12-12 19:02:27, 74.30, 28.80, 0.00, 655
2020-12-12 19:07:28, 73.70, 28.80, 0.00, 656
2020-12-12 19:12:28, 73.80, 28.80, 0.00, 657
2020-12-12 19:17:29, 74.00, 28.80, 0.00, 658
2020-12-12 19:22:29, 74.50, 28.70, 0.00, 659
2020-12-12 19:32:30, 75.00, 28.70, 0.00, 661
2020-12-12 19:37:31, 74.90, 28.60, 0.00, 662
2020-12-12 19:42:31, 74.90, 28.70, 0.00, 663
2020-12-12 19:52:32, 75.30, 28.60, 0.00, 665
2020-12-12 19:57:33, 75.30, 28.60, 0.00, 666
2020-12-12 20:02:33, 75.20, 28.60, 0.00, 667
2020-12-12 20:07:34, 75.20, 28.60, 0.00, 668
2020-12-12 20:12:34, 75.00, 28.60, 0.00, 669
2020-12-12 20:22:36, 75.00, 28.60, 0.00, 671
2020-12-12 20:27:36, 75.30, 28.60, 0.00, 672
2020-12-12 20:37:37, 75.10, 28.50, 0.00, 674
2020-12-12 20:42:38, 75.30, 28.50, 0.00, 675
2020-12-12 20:47:38, 75.40, 28.50, 0.00, 676
2020-12-12 20:52:39, 75.50, 28.50, 0.00, 677
2020-12-12 20:57:39, 75.00, 28.50, 0.00, 678
2020-12-12 21:02:40, 74.80, 28.50, 0.00, 679
2020-12-12 21:07:40, 74.80, 28.60, 0.00, 680
2020-12-12 21:12:41, 75.10, 28.50, 0.00, 681
2020-12-12 21:17:41, 74.70, 28.50, 0.00, 682
2020-12-12 21:22:42, 74.70, 28.50, 0.00, 683
2020-12-12 21:27:42, 74.50, 28.40, 0.00, 684
2020-12-12 21:32:43, 75.00, 28.50, 0.00, 685
2020-12-12 21:37:43, 74.20, 28.50, 0.00, 686
2020-12-12 21:42:44, 74.30, 28.50, 0.00, 687
2020-12-12 21:52:45, 74.30, 28.50, 0.00, 689
2020-12-12 21:57:45, 74.30, 28.50, 0.00, 690
2020-12-12 22:02:46, 74.10, 28.50, 0.00, 691
2020-12-12 22:07:46, 73.90, 28.50, 0.00, 692
2020-12-12 22:12:47, 73.60, 28.50, 0.00, 693
2020-12-12 22:17:48, 74.10, 28.50, 0.00, 694
2020-12-12 22:22:48, 73.70, 28.50, 0.00, 695
2020-12-12 22:27:49, 73.30, 28.60, 0.00, 696
2020-12-12 22:32:49, 72.90, 28.60, 0.00, 697
2020-12-12 22:37:50, 72.50, 28.60, 0.00, 698
2020-12-12 22:42:50, 72.40, 28.60, 0.00, 699
2020-12-12 22:47:51, 72.80, 28.60, 0.00, 700
2020-12-12 22:52:51, 72.90, 28.60, 0.00, 701
2020-12-12 22:57:52, 72.60, 28.60, 0.00, 702
2020-12-12 23:02:52, 72.60, 28.60, 0.00, 703
2020-12-12 23:07:53, 72.20, 28.60, 0.00, 704
2020-12-12 23:12:53, 72.70, 28.70, 0.00, 705
2020-12-12 23:17:54, 72.00, 28.70, 0.00, 706
2020-12-12 23:22:54, 71.80, 28.70, 0.00, 707
2020-12-12 23:27:55, 72.10, 28.70, 0.00, 708
2020-12-12 23:32:55, 72.30, 28.70, 0.00, 709
2020-12-12 23:37:56, 71.90, 28.70, 0.00, 710
2020-12-12 23:47:57, 71.70, 28.60, 0.00, 712
2020-12-12 23:52:57, 72.30, 28.60, 0.00, 713
2020-12-12 23:57:58, 71.90, 28.60, 0.00, 714
2020-12-13 00:02:58, 72.40, 28.60, 0.00, 715
2020-12-13 00:13:00, 71.60, 28.60, 0.00, 717
2020-12-13 00:18:00, 71.70, 28.60, 0.00, 718
2020-12-13 00:23:01, 72.20, 28.50, 0.00, 719
2020-12-13 00:28:01, 72.20, 28.50, 0.00, 720
2020-12-13 00:33:02, 71.70, 28.40, 0.00, 721
2020-12-13 00:38:02, 71.80, 28.40, 0.00, 722
2020-12-13 00:43:03, 72.20, 28.30, 0.00, 723
2020-12-13 00:53:04, 72.40, 28.20, 0.00, 725
2020-12-13 00:58:04, 72.20, 28.10, 0.00, 726
2020-12-13 01:03:05, 72.70, 28.10, 0.00, 727
2020-12-13 01:08:05, 72.70, 27.90, 0.00, 728
2020-12-13 01:13:06, 73.20, 27.90, 0.00, 729
2020-12-13 01:18:06, 73.10, 27.80, 0.00, 730
2020-12-13 01:28:07, 72.90, 27.70, 0.00, 732
2020-12-13 01:33:08, 73.30, 27.60, 0.00, 733
2020-12-13 01:38:08, 73.10, 27.50, 0.00, 734
2020-12-13 01:48:09, 73.70, 27.30, 0.00, 736
2020-12-13 01:58:11, 73.30, 27.20, 0.00, 738
2020-12-13 02:03:11, 73.40, 27.10, 0.00, 739
2020-12-13 02:13:12, 73.60, 27.00, 0.00, 741
2020-12-13 02:18:13, 73.80, 26.90, 0.00, 742
2020-12-13 02:23:13, 74.20, 26.90, 0.00, 743
2020-12-13 02:28:14, 74.50, 26.80, 0.00, 744
2020-12-13 02:33:14, 74.20, 26.80, 0.00, 745
2020-12-13 02:38:15, 74.60, 26.80, 0.00, 746
2020-12-13 02:43:15, 74.50, 26.70, 0.00, 747
2020-12-13 02:48:16, 74.60, 26.60, 0.00, 748
2020-12-13 02:53:16, 74.10, 26.60, 0.00, 749
2020-12-13 02:58:17, 74.90, 26.60, 0.00, 750
2020-12-13 03:03:17, 74.40, 26.60, 0.00, 751
2020-12-13 03:08:18, 74.20, 26.60, 0.00, 752
2020-12-13 03:13:18, 74.40, 26.50, 0.00, 753
2020-12-13 03:18:19, 74.30, 26.50, 0.00, 754
2020-12-13 03:23:19, 74.00, 26.50, 0.00, 755
2020-12-13 03:28:20, 74.20, 26.40, 0.00, 756
2020-12-13 03:33:20, 74.90, 26.40, 0.00, 757
2020-12-13 03:38:21, 74.10, 26.40, 0.00, 758
2020-12-13 03:48:22, 74.10, 26.40, 0.00, 760
2020-12-13 03:53:23, 74.10, 26.40, 0.00, 761
2020-12-13 03:58:23, 74.00, 26.40, 0.00, 762
2020-12-13 04:03:24, 74.30, 26.40, 0.00, 763
2020-12-13 04:08:24, 74.10, 26.40, 0.00, 764
2020-12-13 04:13:25, 73.70, 26.40, 0.00, 765
2020-12-13 04:18:25, 73.50, 26.40, 0.00, 766
2020-12-13 04:28:26, 73.80, 26.50, 0.00, 768
2020-12-13 04:33:27, 73.80, 26.50, 0.00, 769
2020-12-13 04:38:27, 73.70, 26.60, 0.00, 770
2020-12-13 04:43:28, 73.20, 26.60, 0.00, 771
2020-12-13 04:48:28, 73.40, 26.60, 0.00, 772
2020-12-13 04:53:29, 73.20, 26.60, 0.00, 773
2020-12-13 04:58:29, 73.10, 26.60, 0.00, 774
2020-12-13 05:03:30, 73.00, 26.60, 0.00, 775
2020-12-13 05:08:30, 72.90, 26.60, 0.00, 776
2020-12-13 05:13:31, 73.20, 26.60, 0.00, 777
2020-12-13 05:18:31, 73.40, 26.60, 0.00, 778
2020-12-13 05:23:32, 73.60, 26.60, 0.00, 779
2020-12-13 05:38:34, 72.90, 26.60, 0.00, 782
2020-12-13 05:43:34, 72.90, 26.60, 0.00, 783
2020-12-13 05:48:35, 73.00, 26.60, 0.00, 784
2020-12-13 05:53:35, 72.70, 26.60, 0.00, 785
2020-12-13 05:58:36, 72.60, 26.60, 0.00, 786
2020-12-13 06:03:36, 72.50, 26.60, 0.00, 787
2020-12-13 06:13:37, 72.80, 26.60, 1.67, 789
2020-12-13 06:18:38, 72.70, 26.50, 5.00, 790
2020-12-13 06:23:38, 72.80, 26.50, 14.17, 791
2020-12-13 06:28:39, 72.90, 26.40, 29.17, 792
2020-12-13 06:33:39, 73.00, 26.40, 50.00, 793
2020-12-13 06:38:40, 72.90, 26.40, 78.33, 794
2020-12-13 06:43:40, 73.00, 26.40, 115.83, 795
2020-12-13 06:48:41, 73.10, 26.40, 159.17, 796
2020-12-13 06:53:41, 73.00, 26.40, 216.67, 797
2020-12-13 06:58:42, 73.00, 26.40, 282.50, 798
2020-12-13 07:03:42, 73.00, 26.40, 355.00, 799
2020-12-13 07:08:43, 73.00, 26.40, 424.17, 800
2020-12-13 07:18:44, 72.30, 26.60, 614.17, 802
2020-12-13 07:23:45, 72.00, 26.70, 747.50, 803
2020-12-13 07:28:45, 71.80, 26.80, 863.33, 804
2020-12-13 07:33:46, 71.60, 26.90, 912.50, 805
2020-12-13 07:43:47, 71.10, 27.10, 1785.83, 807
2020-12-13 07:48:47, 70.60, 27.30, 1252.50, 808
2020-12-13 07:53:48, 70.10, 27.50, 1381.67, 809
2020-12-13 07:58:48, 69.40, 27.70, 1442.50, 810
2020-12-13 08:08:49, 69.90, 28.10, 8115.83, 812
2020-12-13 08:13:50, 69.90, 28.40, 8131.67, 813
2020-12-13 08:18:50, 69.60, 28.70, 7284.17, 814
2020-12-13 08:23:51, 69.10, 28.90, 7104.17, 815
2020-12-13 08:28:51, 68.80, 29.20, 8261.67, 816
2020-12-13 08:33:52, 68.40, 29.60, 29509.17, 817
2020-12-13 08:38:52, 66.60, 30.40, 5118.33, 818
2020-12-13 08:43:53, 65.30, 31.10, 3713.33, 819
2020-12-13 08:48:54, 63.90, 31.60, 3894.17, 820
2020-12-13 08:58:55, 62.20, 32.20, 3976.67, 822
2020-12-13 09:03:55, 61.50, 32.50, 4153.33, 823
2020-12-13 09:08:56, 60.60, 32.70, 4368.33, 824
2020-12-13 09:13:56, 60.10, 32.90, 4431.67, 825
2020-12-13 09:18:57, 60.90, 33.00, 5978.33, 826
2020-12-13 09:23:57, 60.60, 33.20, 5633.33, 827
2020-12-13 09:28:58, 59.60, 33.40, 5385.00, 828
2020-12-13 09:33:58, 59.90, 33.60, 10414.17, 829
2020-12-13 09:38:59, 59.20, 33.80, 5476.67, 830
2020-12-13 09:49:00, 58.70, 34.00, 7559.17, 832
2020-12-13 09:54:00, 58.00, 34.30, 6734.17, 833
2020-12-13 09:59:01, 58.20, 34.50, 7383.33, 834
2020-12-13 10:04:01, 58.20, 34.80, 3855.83, 835
2020-12-13 10:09:02, 55.30, 34.70, 10316.67, 836
2020-12-13 10:14:03, 54.80, 34.50, 6451.67, 837
2020-12-13 10:19:03, 55.30, 34.40, 5940.00, 838
2020-12-13 10:29:04, 58.10, 34.30, 1685.00, 840
2020-12-13 10:34:05, 58.50, 34.30, 5901.67, 841
2020-12-13 10:39:05, 58.40, 34.40, 6294.17, 842
2020-12-13 10:44:06, 58.10, 34.70, 6305.83, 843
2020-12-13 10:49:06, 58.10, 35.00, 6475.00, 844
2020-12-13 10:54:07, 58.10, 35.30, 6622.50, 845
2020-12-13 10:59:07, 58.20, 35.70, 6941.67, 846
2020-12-13 11:04:08, 57.50, 36.10, 6634.17, 847
2020-12-13 11:09:08, 58.60, 36.40, 6893.33, 848
2020-12-13 11:14:09, 58.20, 36.70, 7183.33, 849
2020-12-13 11:19:09, 58.80, 37.00, 7033.33, 850
2020-12-13 11:24:10, 58.10, 37.40, 7286.67, 851
2020-12-13 11:34:11, 46.60, 37.20, 7383.33, 853
2020-12-13 11:39:12, 48.80, 36.50, 7495.00, 854
2020-12-13 11:44:12, 50.00, 36.50, 7404.17, 855
2020-12-13 11:49:13, 49.10, 36.20, 7458.33, 856
2020-12-13 11:54:13, 53.20, 36.00, 7590.00, 857
2020-12-13 11:59:14, 48.50, 35.70, 7262.50, 858
2020-12-13 12:04:14, 48.50, 35.30, 7600.83, 859
2020-12-13 12:09:15, 51.30, 35.20, 7316.67, 860
2020-12-13 12:14:15, 50.90, 35.10, 6980.00, 861
2020-12-13 12:19:16, 51.60, 34.90, 7442.50, 862
2020-12-13 12:24:16, 51.00, 35.10, 7136.67, 863
2020-12-13 12:29:17, 50.80, 34.90, 6917.50, 864
2020-12-13 12:34:17, 50.60, 34.90, 7264.17, 865
2020-12-13 12:39:18, 53.80, 34.90, 6873.33, 866
2020-12-13 12:49:19, 51.70, 34.60, 6684.17, 868
2020-12-13 12:54:19, 53.10, 34.80, 6727.50, 869
2020-12-13 12:59:20, 49.80, 34.60, 6796.67, 870
2020-12-13 13:04:21, 54.90, 34.60, 6606.67, 871
2020-12-13 13:09:21, 50.80, 34.70, 6658.33, 872
2020-12-13 13:14:22, 53.30, 34.60, 6321.67, 873
2020-12-13 13:19:22, 51.00, 34.50, 6245.83, 874
2020-12-13 13:24:23, 52.80, 34.30, 6226.67, 875
2020-12-13 13:34:24, 51.40, 34.50, 5963.33, 877
2020-12-13 13:39:24, 53.70, 34.50, 5728.33, 878
2020-12-13 13:44:25, 53.30, 34.50, 5658.33, 879
2020-12-13 13:49:25, 53.40, 34.30, 5409.17, 880
2020-12-13 13:54:26, 52.80, 34.30, 5281.67, 881
2020-12-13 14:04:27, 55.30, 34.10, 5090.83, 883
2020-12-13 14:09:27, 51.60, 34.10, 4894.17, 884
2020-12-13 14:19:28, 55.40, 34.10, 4585.00, 886
2020-12-13 14:24:29, 55.50, 34.20, 4375.00, 887
2020-12-13 14:29:30, 52.50, 34.00, 4236.67, 888
2020-12-13 14:34:30, 54.40, 33.90, 3972.50, 889
2020-12-13 14:39:31, 56.10, 33.90, 3823.33, 890
2020-12-13 14:44:31, 55.40, 33.90, 3657.50, 891
2020-12-13 14:49:32, 54.70, 33.80, 3517.50, 892
2020-12-13 14:54:32, 55.30, 33.70, 3291.67, 893
2020-12-13 14:59:33, 56.40, 33.50, 1219.17, 894
2020-12-13 15:09:34, 51.90, 32.70, 4635.83, 896
2020-12-13 15:14:34, 52.70, 31.90, 3540.00, 897
2020-12-13 15:19:35, 53.60, 31.30, 3408.33, 898
2020-12-13 15:24:35, 56.00, 31.00, 3260.00, 899
2020-12-13 15:34:36, 57.10, 30.70, 13570.83, 901
2020-12-13 15:39:37, 55.70, 30.90, 9602.50, 902
2020-12-13 15:44:38, 55.20, 30.90, 7284.17, 903
2020-12-13 15:49:38, 54.90, 30.70, 6354.17, 904
2020-12-13 15:54:39, 55.10, 30.60, 5573.33, 905
2020-12-13 15:59:39, 55.50, 30.40, 5310.00, 906
2020-12-13 16:04:40, 56.60, 30.30, 5565.83, 907
2020-12-13 16:09:40, 56.60, 30.50, 4959.17, 908
2020-12-13 16:19:41, 57.50, 30.60, 4265.83, 910
2020-12-13 16:24:42, 57.40, 30.60, 3692.50, 911
2020-12-13 16:29:42, 58.00, 30.50, 3261.67, 912
2020-12-13 16:34:43, 58.20, 30.50, 1229.17, 913
2020-12-13 16:44:44, 59.00, 30.30, 410.00, 915
2020-12-13 16:59:45, 58.90, 30.20, 172.50, 918
2020-12-13 17:04:46, 59.10, 30.10, 63.33, 919
2020-12-13 17:09:46, 59.30, 30.00, 27.50, 920
2020-12-13 17:14:47, 59.60, 29.80, 15.83, 921
2020-12-13 17:19:48, 59.90, 29.70, 8.33, 922
2020-12-13 17:29:49, 60.00, 29.50, 0.83, 924
2020-12-13 17:34:49, 60.80, 29.40, 0.83, 925
2020-12-13 17:39:50, 60.90, 29.20, 0.00, 926
2020-12-13 17:44:50, 61.20, 29.10, 0.00, 927
2020-12-13 17:49:51, 61.20, 29.00, 0.00, 928
2020-12-13 17:54:51, 61.80, 28.90, 0.00, 929
2020-12-13 18:09:53, 62.40, 28.70, 0.00, 932
2020-12-13 18:14:53, 62.60, 28.70, 0.00, 933
2020-12-13 18:19:54, 62.70, 28.60, 0.00, 934
2020-12-13 18:24:54, 63.10, 28.50, 0.00, 935
2020-12-13 18:29:55, 63.10, 28.50, 0.00, 936
2020-12-13 18:34:55, 63.20, 28.40, 0.00, 937
2020-12-13 18:39:56, 63.40, 28.40, 0.00, 938
2020-12-13 18:44:56, 63.60, 28.40, 0.00, 939
2020-12-13 18:49:57, 64.00, 28.30, 0.00, 940
2020-12-13 18:54:57, 63.80, 28.30, 0.00, 941
2020-12-13 18:59:58, 63.90, 28.20, 0.00, 942
2020-12-13 19:09:59, 64.10, 28.20, 0.00, 944
2020-12-13 19:15:00, 64.20, 28.10, 0.00, 945
2020-12-13 19:20:00, 64.60, 28.10, 0.00, 946
2020-12-13 19:30:01, 64.90, 28.00, 0.00, 948
2020-12-13 19:35:02, 64.70, 28.00, 0.00, 949
2020-12-13 19:45:03, 64.40, 28.10, 0.00, 951
2020-12-13 19:55:04, 64.40, 28.10, 0.00, 953
2020-12-13 20:00:04, 64.50, 28.10, 0.00, 954
2020-12-13 20:05:05, 64.30, 28.10, 0.00, 955
2020-12-13 20:10:05, 64.30, 28.10, 0.00, 956
2020-12-13 20:15:06, 64.30, 28.10, 0.00, 957
2020-12-13 20:20:06, 64.20, 28.20, 0.00, 958
2020-12-13 20:25:07, 64.10, 28.10, 0.00, 959
2020-12-13 20:30:07, 64.20, 28.20, 0.00, 960
2020-12-13 20:35:08, 64.30, 28.10, 0.00, 961
2020-12-13 20:40:08, 64.10, 28.20, 0.00, 962
2020-12-13 20:45:09, 64.00, 28.20, 0.00, 963
2020-12-13 20:50:09, 64.00, 28.30, 0.00, 964
2020-12-13 20:55:10, 63.80, 28.20, 0.00, 965
2020-12-13 21:00:11, 63.90, 28.20, 0.00, 966
2020-12-13 21:05:11, 63.80, 28.30, 0.00, 967
2020-12-13 21:10:12, 63.80, 28.30, 0.00, 968
2020-12-13 21:15:12, 63.70, 28.30, 0.00, 969
2020-12-13 21:20:13, 64.00, 28.30, 0.00, 970
2020-12-13 21:30:14, 63.70, 28.20, 0.00, 972
2020-12-13 21:40:15, 63.40, 28.30, 0.00, 974
2020-12-13 21:45:15, 63.10, 28.30, 0.00, 975
2020-12-13 21:50:16, 62.70, 28.40, 0.00, 976
2020-12-13 21:55:16, 62.60, 28.40, 0.00, 977
2020-12-13 22:00:17, 62.60, 28.30, 0.00, 978
2020-12-13 22:05:17, 62.60, 28.30, 0.00, 979
2020-12-13 22:10:18, 62.70, 28.30, 0.00, 980
2020-12-13 22:20:19, 62.10, 28.30, 0.00, 982
2020-12-13 22:25:19, 62.50, 28.40, 0.00, 983
2020-12-13 22:30:20, 62.20, 28.30, 0.00, 984
2020-12-13 22:35:20, 62.30, 28.30, 0.00, 985
2020-12-13 22:40:21, 62.10, 28.30, 0.00, 986
2020-12-13 22:45:21, 61.70, 28.30, 0.00, 987
2020-12-13 22:50:22, 61.90, 28.30, 0.00, 988
2020-12-13 22:55:23, 61.80, 28.30, 0.00, 989
2020-12-13 23:00:23, 61.80, 28.30, 0.00, 990
2020-12-13 23:05:24, 61.80, 28.20, 0.00, 991
2020-12-13 23:10:24, 61.80, 28.20, 0.00, 992
2020-12-13 23:25:26, 61.90, 28.20, 0.00, 995
2020-12-13 23:30:26, 61.80, 28.20, 0.00, 996
2020-12-13 23:35:27, 62.00, 28.10, 0.00, 997
2020-12-13 23:40:27, 61.80, 28.10, 0.00, 998
2020-12-13 23:45:28, 61.80, 28.10, 0.00, 999
2020-12-13 23:50:28, 61.90, 28.10, 0.00, 1000
2020-12-13 23:55:29, 61.70, 28.00, 0.00, 1001
2020-12-14 00:00:29, 62.00, 28.10, 0.00, 1002
2020-12-14 00:05:30, 61.60, 28.00, 0.00, 1003
2020-12-14 00:10:30, 61.90, 28.00, 0.00, 1004
2020-12-14 00:15:31, 61.40, 28.00, 0.00, 1005
2020-12-14 00:20:31, 61.50, 28.00, 0.00, 1006
2020-12-14 00:25:32, 62.30, 27.90, 0.00, 1007
2020-12-14 00:30:32, 62.20, 27.80, 0.00, 1008
2020-12-14 00:35:33, 61.70, 27.80, 0.00, 1009
2020-12-14 00:40:33, 61.90, 27.80, 0.00, 1010
2020-12-14 00:45:34, 61.90, 27.70, 0.00, 1011
2020-12-14 00:50:35, 62.30, 27.60, 0.00, 1012
2020-12-14 00:55:35, 62.90, 27.50, 0.00, 1013
2020-12-14 01:05:36, 62.30, 27.40, 0.00, 1015
2020-12-14 01:10:37, 62.50, 27.40, 0.00, 1016
2020-12-14 01:15:37, 62.50, 27.40, 0.00, 1017
2020-12-14 01:25:38, 63.00, 27.10, 0.00, 1019
2020-12-14 01:30:39, 63.10, 27.00, 0.00, 1020
2020-12-14 01:35:39, 63.20, 27.00, 0.00, 1021
2020-12-14 01:40:40, 62.90, 27.00, 0.00, 1022
2020-12-14 01:55:41, 63.50, 26.80, 0.00, 1025
2020-12-14 02:05:42, 63.80, 26.60, 0.00, 1027
2020-12-14 02:10:43, 63.80, 26.60, 0.00, 1028
2020-12-14 02:15:43, 64.10, 26.50, 0.00, 1029
2020-12-14 02:20:44, 64.00, 26.50, 0.00, 1030
2020-12-14 02:25:44, 63.90, 26.50, 0.00, 1031
2020-12-14 02:30:45, 64.30, 26.50, 0.00, 1032
2020-12-14 02:35:46, 64.00, 26.40, 0.00, 1033
2020-12-14 02:40:46, 64.40, 26.40, 0.00, 1034
2020-12-14 02:45:47, 63.90, 26.40, 0.00, 1035
2020-12-14 02:50:47, 64.20, 26.40, 0.00, 1036
2020-12-14 02:55:48, 63.90, 26.40, 0.00, 1037
2020-12-14 03:00:48, 63.90, 26.40, 0.00, 1038
2020-12-14 03:05:49, 63.80, 26.40, 0.00, 1039
2020-12-14 03:10:49, 63.70, 26.40, 0.00, 1040
2020-12-14 03:15:50, 63.60, 26.40, 0.00, 1041
2020-12-14 03:25:51, 63.70, 26.30, 0.00, 1043
2020-12-14 03:30:51, 63.60, 26.40, 0.00, 1044
2020-12-14 03:35:52, 63.70, 26.40, 0.00, 1045
2020-12-14 03:40:52, 63.60, 26.40, 0.00, 1046
2020-12-14 03:45:53, 63.30, 26.40, 0.00, 1047
2020-12-14 03:50:53, 63.30, 26.40, 0.00, 1048
2020-12-14 03:55:54, 63.20, 26.50, 0.00, 1049
2020-12-14 04:00:54, 63.20, 26.50, 0.00, 1050
2020-12-14 04:05:55, 63.60, 26.50, 0.00, 1051
2020-12-14 04:10:55, 63.10, 26.40, 0.00, 1052
2020-12-14 04:15:56, 63.20, 26.50, 0.00, 1053
2020-12-14 04:20:56, 63.30, 26.60, 0.00, 1054
2020-12-14 04:25:57, 63.10, 26.60, 0.00, 1055
2020-12-14 04:30:58, 63.10, 26.60, 0.00, 1056
2020-12-14 04:35:58, 63.00, 26.50, 0.00, 1057
2020-12-14 04:40:59, 63.00, 26.60, 0.00, 1058
2020-12-14 04:56:00, 63.00, 26.50, 0.00, 1061
2020-12-14 05:01:01, 63.00, 26.60, 0.00, 1062
2020-12-14 05:06:01, 62.90, 26.60, 0.00, 1063
2020-12-14 05:16:02, 62.80, 26.50, 0.00, 1065
2020-12-14 05:21:03, 62.90, 26.50, 0.00, 1066
2020-12-14 05:26:03, 62.90, 26.50, 0.00, 1067
2020-12-14 05:31:04, 62.80, 26.50, 0.00, 1068
2020-12-14 05:36:04, 62.90, 26.50, 0.00, 1069
2020-12-14 05:41:05, 62.50, 26.50, 0.00, 1070
2020-12-14 05:46:05, 62.40, 26.50, 0.00, 1071
2020-12-14 05:51:06, 62.70, 26.60, 0.00, 1072
2020-12-14 05:56:06, 62.60, 26.60, 0.00, 1073
2020-12-14 06:01:07, 62.70, 26.60, 0.00, 1074
2020-12-14 06:06:07, 62.50, 26.60, 0.00, 1075
2020-12-14 06:11:08, 62.70, 26.70, 0.83, 1076
2020-12-14 06:16:09, 62.40, 26.70, 2.50, 1077
2020-12-14 06:21:09, 62.40, 26.80, 7.50, 1078
2020-12-14 06:26:10, 62.60, 26.70, 16.67, 1079
2020-12-14 06:31:10, 62.80, 26.70, 32.50, 1080
2020-12-14 06:36:11, 62.80, 26.70, 53.33, 1081
2020-12-14 06:41:11, 62.60, 26.70, 85.00, 1082
2020-12-14 06:46:12, 62.70, 26.70, 126.67, 1083
2020-12-14 06:51:12, 63.00, 26.80, 167.50, 1084
2020-12-14 07:06:14, 62.80, 26.80, 308.33, 1087
2020-12-14 07:16:15, 62.40, 26.90, 428.33, 1089
2020-12-14 07:21:15, 62.10, 26.90, 569.17, 1090
2020-12-14 07:26:16, 62.00, 26.90, 707.50, 1091
2020-12-14 07:31:16, 62.00, 27.00, 742.50, 1092
2020-12-14 07:36:17, 61.60, 27.20, 837.50, 1093
2020-12-14 07:46:18, 61.00, 27.40, 1105.83, 1095
2020-12-14 07:51:19, 60.70, 27.60, 1041.67, 1096
2020-12-14 07:56:19, 60.40, 27.80, 1242.50, 1097
2020-12-14 08:01:20, 60.00, 27.90, 1880.00, 1098
2020-12-14 08:06:20, 61.10, 28.10, 8985.83, 1099
2020-12-14 08:11:21, 61.50, 28.20, 9033.33, 1100
2020-12-14 08:16:21, 61.20, 28.60, 10168.33, 1101
2020-12-14 08:26:22, 59.60, 29.60, 12950.83, 1103
2020-12-14 08:31:23, 58.40, 30.20, 10445.00, 1104
2020-12-14 08:36:23, 57.40, 30.80, 4490.83, 1105
2020-12-14 08:41:24, 56.60, 31.10, 4923.33, 1106
2020-12-14 08:46:24, 56.20, 31.60, 4956.67, 1107
2020-12-14 08:51:25, 55.20, 32.00, 4915.83, 1108
2020-12-14 08:56:25, 54.40, 32.50, 5172.50, 1109
2020-12-14 09:06:26, 57.10, 33.30, 5628.33, 1111
2020-12-14 09:16:28, 57.20, 33.70, 6669.17, 1113
2020-12-14 09:21:28, 56.60, 33.80, 7551.67, 1114
2020-12-14 09:26:29, 55.70, 33.80, 7769.17, 1115
2020-12-14 09:36:30, 53.30, 33.80, 7583.33, 1117
2020-12-14 09:41:30, 53.10, 33.40, 7055.00, 1118
2020-12-14 09:46:31, 53.30, 33.00, 7929.17, 1119
2020-12-14 09:51:31, 53.50, 32.60, 8117.50, 1120
2020-12-14 09:56:32, 53.30, 32.40, 8266.67, 1121
2020-12-14 10:01:32, 52.50, 32.40, 7918.33, 1122
2020-12-14 10:16:34, 49.30, 32.10, 7757.50, 1125
2020-12-14 10:21:34, 48.80, 32.00, 6835.00, 1126
2020-12-14 10:26:35, 48.80, 32.00, 2066.67, 1127
2020-12-14 10:31:35, 49.10, 32.20, 2822.50, 1128
2020-12-14 10:36:36, 48.40, 32.50, 5928.33, 1129
2020-12-14 10:41:37, 48.20, 32.90, 5612.50, 1130
2020-12-14 10:46:37, 47.40, 33.30, 5775.00, 1131
2020-12-14 10:51:38, 46.90, 33.70, 5923.33, 1132
2020-12-14 10:56:38, 46.40, 34.00, 5902.50, 1133
2020-12-14 11:01:39, 45.70, 34.20, 6101.67, 1134
2020-12-14 11:11:40, 46.90, 34.60, 6175.00, 1136
2020-12-14 11:16:40, 47.40, 34.70, 6520.83, 1137
2020-12-14 11:21:41, 47.50, 34.80, 6292.50, 1138
2020-12-14 11:26:41, 47.80, 34.90, 6490.00, 1139
2020-12-14 11:31:42, 47.80, 34.90, 6298.33, 1140
2020-12-14 11:36:42, 47.70, 35.10, 6616.67, 1141
2020-12-14 11:41:43, 47.90, 35.10, 6465.00, 1142
2020-12-14 11:46:43, 48.10, 35.10, 6611.67, 1143
2020-12-14 11:51:44, 48.20, 35.10, 6592.50, 1144
2020-12-14 11:56:44, 48.30, 35.20, 6497.50, 1145
2020-12-14 12:01:45, 49.20, 35.30, 6460.00, 1146
2020-12-14 12:06:46, 49.40, 35.40, 6700.83, 1147
2020-12-14 12:11:46, 48.80, 35.50, 6445.00, 1148
2020-12-14 12:16:47, 49.20, 35.60, 6683.33, 1149
2020-12-14 12:21:47, 49.10, 35.70, 6795.00, 1150
2020-12-14 12:26:48, 49.10, 35.80, 6481.67, 1151
2020-12-14 12:36:49, 49.30, 35.90, 6327.50, 1153
2020-12-14 12:41:49, 48.90, 36.00, 6314.17, 1154
2020-12-14 12:56:51, 46.40, 35.30, 6396.67, 1157
2020-12-14 13:01:51, 47.40, 35.50, 6135.00, 1158
2020-12-14 13:11:52, 46.20, 35.10, 6216.67, 1160
2020-12-14 13:16:53, 46.10, 35.40, 6170.83, 1161
2020-12-14 13:21:54, 44.40, 35.30, 5725.00, 1162
2020-12-14 13:26:54, 44.20, 35.40, 6048.33, 1163
2020-12-14 13:31:55, 43.10, 35.30, 5649.17, 1164
2020-12-14 13:36:55, 43.40, 35.30, 5911.67, 1165
2020-12-14 13:46:56, 43.50, 35.20, 3535.83, 1167
2020-12-14 13:51:57, 45.10, 35.10, 5014.17, 1168
2020-12-14 13:56:57, 46.10, 35.20, 5245.00, 1169
2020-12-14 14:01:58, 47.80, 35.30, 4897.50, 1170
2020-12-14 14:06:58, 48.50, 35.30, 4827.50, 1171
2020-12-14 14:11:59, 49.20, 35.10, 4347.50, 1172
2020-12-14 14:16:59, 49.60, 35.20, 4279.17, 1173
2020-12-14 14:27:00, 50.10, 35.20, 3945.00, 1175
2020-12-14 14:32:01, 51.50, 35.10, 3865.00, 1176
2020-12-14 14:37:02, 51.10, 35.00, 3702.50, 1177
2020-12-14 14:42:02, 51.40, 34.90, 3581.67, 1178
2020-12-14 14:47:03, 52.40, 34.80, 3303.33, 1179
2020-12-14 14:52:03, 51.90, 34.60, 3175.83, 1180
2020-12-14 14:57:04, 52.70, 34.50, 2493.33, 1181
2020-12-14 15:02:04, 52.30, 34.30, 9821.67, 1182
2020-12-14 15:12:05, 49.80, 32.90, 3811.67, 1184
2020-12-14 15:17:06, 50.90, 32.10, 3503.33, 1185
2020-12-14 15:22:06, 52.00, 31.50, 3462.50, 1186
2020-12-14 15:27:07, 52.40, 31.30, 3285.00, 1187
2020-12-14 15:32:07, 52.10, 30.80, 3219.17, 1188
2020-12-14 15:37:08, 52.20, 30.50, 9975.00, 1189
2020-12-14 15:42:08, 52.00, 30.30, 8285.00, 1190
2020-12-14 15:47:09, 52.10, 30.20, 7469.17, 1191
2020-12-14 15:52:09, 52.50, 30.10, 7159.17, 1192
2020-12-14 15:57:10, 52.80, 29.90, 6147.50, 1193
2020-12-14 16:02:11, 53.30, 29.80, 5863.33, 1194
2020-12-14 16:07:11, 53.70, 29.90, 5695.83, 1195
2020-12-14 16:12:12, 53.90, 30.20, 4940.00, 1196
2020-12-14 16:17:12, 53.00, 30.20, 4334.17, 1197
2020-12-14 16:22:13, 53.30, 30.20, 4002.50, 1198
2020-12-14 16:27:13, 53.00, 30.10, 3351.67, 1199
2020-12-14 16:32:14, 53.70, 29.90, 2087.50, 1200
2020-12-14 16:37:14, 54.20, 29.80, 540.00, 1201
2020-12-14 16:42:15, 54.20, 29.70, 445.00, 1202
2020-12-14 16:47:15, 54.20, 29.70, 355.83, 1203
2020-12-14 16:52:16, 54.00, 29.70, 277.50, 1204
2020-12-14 17:02:17, 53.80, 29.60, 132.50, 1206
2020-12-14 17:07:17, 54.20, 29.60, 36.67, 1207
2020-12-14 17:12:18, 53.90, 29.50, 22.50, 1208
2020-12-14 17:17:18, 54.30, 29.50, 12.50, 1209
2020-12-14 17:22:19, 54.10, 29.50, 5.83, 1210
2020-12-14 17:27:19, 54.30, 29.30, 2.50, 1211
